{
  "beaches": [
    {
      "beachId": 1,
      "beachCodeName": "01-KohKradan",
      "beachName": "Koh Kradan",
      "beachCountry": "Thailand",
      "beachRegion": "Asia",
      "beachRating": 5,
      "beachReviewTotal": 266,
      "beachPrice": 5,
      "beachContent": "Thailand is renowned for its beautiful beaches and to some extent this has meant that many of the most amazing beaches are now over-crowded and heavily commercialised ... ",
      "beachFullContent": "Thailand is renowned for its beautiful beaches and to some extent this has meant that many of the most amazing beaches are now over-crowded and heavily commercialised. However, you don't have to go to far off the beaten track to still find a pristine gem and the island of Koh Kradan is home to just such a beach.This stunning stretch of powdery white sand remain a relative haven despite being only a few kilometres off the mainland.\n\nKo Kradan is one of the Trang Islands, a group of around 40 large and small islands which form a major part of the Hat Chao Mai national park. Of all these islands and islets Koh Kradan is perhaps the most beautiful and largely unspoilt. Despite only being a couple of hours south of Phuket and even closer to Koh Phi Phi, Koh Kradan is a world apart, sharing all the natural beauty but without the crowds and noise.\n\nThe waters of the Andaman Sea which surround the island are relatively sheltered and shallow, which means they are always warm i.e. ideal for swimming. On top of that they are crystal clear making for some excellent snorkelling in the protected waters. One thing to note though is the water is very shallow here at low tide and you'll have to paddle quite a way before it's deep enough to swim properly. For those feeling particularly energetic there is a popular kayak route around the island which can be completed in less than 3 hours, even at a leisurely pace.\n\nFor those looking to just relax and soak up the sun and calm Koh Kradan is perfect. There are numerous hammocks suspended between the palm trees that fringe the beach.\n\nThe main beach at Koh Kradan is the aptly named east facing Paradise beach. However there is another, equally appropriately named, beach on the other coast. Easily reachable by a short trail through the forest is Sunset beach where you can enjoy a peaceful view of the sun setting over the Andaman Sea.\n\nGetting to Ko Kradan involves taking one of the ubiquitous long-tailed boats and these are available from several locations on the mainland or many of the other islands. If you are planning on staying on the island there are several small resorts ranging from the upmarket but basic “flash-packer” style accommodation up to luxury beach bungalows.",
      "beachThumb": "./images/01_Koh_Kradan_01.jpg",
      "beachUrl": "#!01-KohKradan",
      "beachLocation": "https://www.google.com/maps/embed?pb=!1m18!1m12!1m3!1d3957.368697565484!2d99.2547002148377!3d7.312412515517529!2m3!1f0!2f0!3f0!3m2!1i1024!2i768!4f13.1!3m3!1m2!1s0x304dde6825324fd1%3A0x11c18da5dda792fa!2sKoh%20Kradan%20Beach!5e0!3m2!1sen!2s!4v1659111049599!5m2!1sen!2s",
      "beachAds": {
        "src": "https://www.thaiairways.com/",
        "thumb": "./images/flights/01_ThaiAirways.png",
        "desc": "Thai Airways"
      },
      "beachImgFull": [
        { "src": "./images/01_Koh_Kradan_01.jpg", "desc": "Image 01" },
        { "src": "./images/01_Koh_Kradan_02.jpg", "desc": "Image 02" },
        { "src": "./images/01_Koh_Kradan_03.jpg", "desc": "Image 03" },
        { "src": "./images/01_Koh_Kradan_04.jpg", "desc": "Image 04" },
        { "src": "./images/01_Koh_Kradan_05.jpg", "desc": "Image 05" },
        { "src": "./images/01_Koh_Kradan_06.jpg", "desc": "Image 06" },
        { "src": "./images/01_Koh_Kradan_07.jpg", "desc": "Image 07" },
        { "src": "./images/01_Koh_Kradan_08.jpg", "desc": "Image 08" },
        { "src": "./images/01_Koh_Kradan_09.jpg", "desc": "Image 09" },
        { "src": "./images/01_Koh_Kradan_10.jpg", "desc": "Image 10" }
      ],
      "beachWhen": "Oct"
    },
    {
      "beachId": 2,
      "beachCodeName": "02-Whitehaven",
      "beachName": "Whitehaven",
      "beachCountry": "Australia",
      "beachRegion": "Australia",
      "beachRating": 4.8,
      "beachReviewTotal": 322,
      "beachPrice": 3.2,
      "beachContent": "Whitehaven Beach is a pristine, award winning beach on Whitsunday Island, the largest of the 74 islands in the Whitsundays. Whitehaven Beach stretches over seven kilometres and boasts brilliant ... ",
      "beachFullContent": "Whitehaven Beach is a pristine, award winning beach on Whitsunday Island, the largest of the 74 islands in the Whitsundays. Whitehaven Beach stretches over seven kilometres and boasts brilliant white silica sand that is among the purest in the world. Sink your feet into the sand and wade into the warm waves that gently lap the shore and you'll soon realise why people come here from all over the world.\n\nAt the northern end of Whitehaven Beach is Hill Inlet, a stunning inlet where the tide shifts the sand and water to create a beautiful fusion of colours. Many people claim Hill Inlet and Whitehaven Beach are the most beautiful places they've ever seen. The lookout at Tongue Point is the best spot from which to view the swirling sands of Hill Inlet, so if you don't mind a short bushwalk, book your Whitehaven tour with an operator that visits the lookout.\n\nThe best way to get to Whitehaven Beach – which is free to visit 24 hours a day – is by boat. Power boats, luxury yachts and ferries by companies like Cruise Whitsundays and Grand Prix Yachting offer daytrips that depart daily from Shute Harbour (near Airlie Beach) or Hamilton Island. Many overnight sailing trips also make a stop at Whitehaven Beach. But if one afternoon along the ashy sands isn't enough, you can also set up camp in the eucalyptus woodland behind the beach.\n\nWhitehaven Beach can be experienced in several ways. If you're interested in a day trip there are ferries, yachts, power boats and luxury cruising yachts that depart from Airlie Beach. A variety of sailing companies also offer multi-day charters that include a memorable visit to Whitehaven Beach.",
      "beachThumb": "./images/02_Whitehaven_01.jpg",
      "beachUrl": "#!02-Whitehaven",
      "beachLocation": "https://www.google.com/maps/embed?pb=!1m18!1m12!1m3!1d29941.19118689712!2d149.022417837782!3d-20.273390973292898!2m3!1f0!2f0!3f0!3m2!1i1024!2i768!4f13.1!3m3!1m2!1s0x6bd8543936f3a3a1%3A0x808bfe71f86a4e1e!2sWhitehaven%20Beach!5e0!3m2!1sen!2s!4v1659111352738!5m2!1sen!2s",
      "beachAds": {
        "src": "https://www.qantas.com/us/en.html",
        "thumb": "./images/flights/02_QantasAirways.png",
        "desc": "Qantas Airways"
      },
      "beachImgFull": [
        { "src": "./images/02_Whitehaven_01.jpg", "desc": "Image 01" },
        { "src": "./images/02_Whitehaven_02.jpg", "desc": "Image 02" },
        { "src": "./images/02_Whitehaven_03.jpg", "desc": "Image 03" },
        { "src": "./images/02_Whitehaven_04.jpg", "desc": "Image 04" },
        { "src": "./images/02_Whitehaven_05.jpg", "desc": "Image 05" },
        { "src": "./images/02_Whitehaven_06.jpg", "desc": "Image 06" },
        { "src": "./images/02_Whitehaven_07.jpg", "desc": "Image 07" },
        { "src": "./images/02_Whitehaven_08.jpg", "desc": "Image 08" },
        { "src": "./images/02_Whitehaven_09.jpg", "desc": "Image 09" },
        { "src": "./images/02_Whitehaven_10.jpg", "desc": "Image 10" }
      ],
      "beachWhen": "Nov"
    },
    {
      "beachId": 3,
      "beachCodeName": "03-Anakena",
      "beachName": "Anakena",
      "beachCountry": "Chile",
      "beachRegion": "South America",
      "beachRating": 4,
      "beachReviewTotal": 433,
      "beachPrice": 4,
      "beachContent": "It's not often you get to mix up a day at the beach with a viewing of some of the world's most iconic archaeological monuments, but this is exactly what you get at Anakena beach on Easter Island ... ",
      "beachFullContent": "It's not often you get to mix up a day at the beach with a viewing of some of the world's most iconic archaeological monuments, but this is exactly what you get at Anakena beach on Easter Island.\n\nAnakena is home to a set of moai; these are the huge carved stone figureheads that Easter Island is famous for. The Ahu Nao-Nao stones at Anakena are a set of 7 such statues located right by the beach. I would have said overlooking, but they actually face inland. It is rare for any of these moai to have been set facing out to sea.\n\nAnakena has further historical significance in that it is believed to have been where Hotu Matua, the first settler of the islands, disembarked. It is said that one of the many caves along the beach was this king's home.\n\nThe beach at Anakena is composed of white coral sand and is one of only two sandy beaches on Easter Island. This pacific beach is fringed with palm trees and is almost as deep as it is wide.\n\nThe coconut palm trees at Anakena were actually reintroduced  from Tahiti as virtually all the trees on the island were cut down to make and transport the Moai. The story of Easter Island and how the islanders virtually made themselves extinct is one of history's greatest ironies and forms the storyline to the movie 1994 Rapa Nui.\n\nThere are plenty of facilities at Anakena.These include a car park, changing rooms, toilets and a picnic are amongst the palm trees - just remember to keep an ear open for the sound of falling coconuts!",
      "beachThumb": "./images/03_Anakena_01.jpg",
      "beachUrl": "#!03-Anakena",
      "beachLocation": "https://www.google.com/maps/embed?pb=!1m18!1m12!1m3!1d1776.309463909541!2d-109.32411829183373!3d-27.073774007467566!2m3!1f0!2f0!3f0!3m2!1i1024!2i768!4f13.1!3m3!1m2!1s0x9947ee566006653b%3A0xd214068c8327f5b8!2sAnakena!5e0!3m2!1sen!2s!4v1659111417138!5m2!1sen!2s",
      "beachAds": {
        "src": "https://www.latamairlines.com/cl/es",
        "thumb": "./images/flights/03_LATAMChile.png",
        "desc": "LATAM Chile"
      },
      "beachImgFull": [
        { "src": "./images/03_Anakena_01.jpg", "desc": "Image 01" },
        { "src": "./images/03_Anakena_02.jpg", "desc": "Image 02" },
        { "src": "./images/03_Anakena_03.jpg", "desc": "Image 03" },
        { "src": "./images/03_Anakena_04.jpg", "desc": "Image 04" },
        { "src": "./images/03_Anakena_05.jpg", "desc": "Image 05" },
        { "src": "./images/03_Anakena_06.jpg", "desc": "Image 06" },
        { "src": "./images/03_Anakena_07.jpg", "desc": "Image 07" },
        { "src": "./images/03_Anakena_08.jpg", "desc": "Image 08" }
      ],
      "beachWhen": "Jan"
    },
    {
      "beachId": 4,
      "beachCodeName": "04-CampsBay",
      "beachName": "Camps Bay",
      "beachCountry": "South Africa",
      "beachRegion": "Africa",
      "beachRating": 4.6,
      "beachReviewTotal": 186,
      "beachPrice": 4,
      "beachContent": "Camps Bay is without doubt Cape Town's premiere beach. Located in an upmarket suburb of this South African city, the beach here is as spectacular as it is popular ... ",
      "beachFullContent": "Camps Bay is without doubt Cape Town's premiere beach. Located in an upmarket suburb of this South African city, the beach here is as spectacular as it is popular. The palm fringed stretch of white sand that make up Camps Bay sits between the towering Lion's Head and equally imposing Twelve Apostles. This is the Atlantic coast and the ocean here is both beautiful and powerful; sparkling and turquoise often with strong waves. Camps Bay is a great family beach too and has been consistently awarded the coveted Blue Flag award over the years.\n\nPeople visit Camps Bay as much for the chic beach life as the natural splendour. This is where celebrities come to hang out with the body beautiful - beach volleyball is a staple with the bronzed and buff beach-goers here. If you would prefer to keep your clothes on then there are plenty of trendy cafes and bars along Victoria Road, the main drag that runs behind the beach. Best known of these is the Caprice Bar, ideal if you want to spot rock stars and supermodels.",
      "beachThumb": "./images/04_Camps_Bay_01.jpg",
      "beachUrl": "#!04-CampsBay",
      "beachLocation": "https://www.google.com/maps/embed?pb=!1m18!1m12!1m3!1d13238.30540608845!2d18.373653237086845!3d-33.95202279080731!2m3!1f0!2f0!3f0!3m2!1i1024!2i768!4f13.1!3m3!1m2!1s0x1dcc67ad0e328c89%3A0xc7a0b241c4464b97!2sCamps%20Bay%2C%20Cape%20Town%2C%208005%2C%20South%20Africa!5e0!3m2!1sen!2s!4v1659111474953!5m2!1sen!2s",
      "beachAds": {
        "src": "https://www.flysaa.com/",
        "thumb": "./images/flights/04_SouthAfricanAirways.png",
        "desc": "South African Ariways"
      },
      "beachImgFull": [
        { "src": "./images/04_Camps_Bay_01.jpg", "desc": "Image 01" },
        { "src": "./images/04_Camps_Bay_02.jpg", "desc": "Image 02" },
        { "src": "./images/04_Camps_Bay_03.jpg", "desc": "Image 03" },
        { "src": "./images/04_Camps_Bay_04.jpg", "desc": "Image 04" },
        { "src": "./images/04_Camps_Bay_05.jpg", "desc": "Image 05" },
        { "src": "./images/04_Camps_Bay_06.jpg", "desc": "Image 06" },
        { "src": "./images/04_Camps_Bay_07.jpg", "desc": "Image 07" },
        { "src": "./images/04_Camps_Bay_08.jpg", "desc": "Image 08" }
      ],
      "beachWhen": "Sep"
    },
    {
      "beachId": 5,
      "beachCodeName": "05-CalaGoloritze",
      "beachName": "Cala Goloritze",
      "beachCountry": "Italy",
      "beachRegion": "Europe",
      "beachRating": 4.9,
      "beachReviewTotal": 224,
      "beachPrice": 3.5,
      "beachContent": "Perhaps one of Italy's most iconic beaches, Cala Goloritzè is beautifully positioned at the base of a ravine on the north eastern coast of Sardinia. As with other beaches in the vicinity ... ",
      "beachFullContent": "Perhaps one of Italy's most iconic beaches, Cala Goloritzè is beautifully positioned at the base of a ravine on the north eastern coast of Sardinia. As with other beaches in the vicinity, the water here is a brilliant azure blue and crystal clear whilst the beach is bleached white by the sun.\n\nBut it is the stunning limestone cliffside and rock formations that really sets Cala Goloritzè apart. Most notable of these is Monte Caroddi or the Aguglia, meaning “needle” which describes this 150m (500ft) high pinnacle fairly well. In addition the cliffs form a huge rock arch at the southern end of the beach. It is little wonder that Cala Goloritzè was listed by UNESCO in 1995.\n\nTo get to the beach is a bit of a mission and requires a lengthy trek or a boat trip (although you can't disembark on the beach itself). However, it's worth it.",
      "beachThumb": "./images/05_Cala_Goloritze_01.jpg",
      "beachUrl": "#!05-CalaGoloritze",
      "beachLocation": "https://www.google.com/maps/embed?pb=!1m18!1m12!1m3!1d3051.516163594828!2d9.689316799999999!3d40.1084992!2m3!1f0!2f0!3f0!3m2!1i1024!2i768!4f13.1!3m3!1m2!1s0x12de5b01c791dd43%3A0x9456317912694cc3!2sCala%20Goloritze%20Beach!5e0!3m2!1sen!2s!4v1659111601961!5m2!1sen!2s",
      "beachAds": {
        "src": "https://www.ita-airways.com/",
        "thumb": "./images/flights/05_ITAAirways.png",
        "desc": "ITA Ariways"
      },
      "beachImgFull": [
        { "src": "./images/05_Cala_Goloritze_01.jpg", "desc": "Image 01" },
        { "src": "./images/05_Cala_Goloritze_02.jpg", "desc": "Image 02" },
        { "src": "./images/05_Cala_Goloritze_03.jpg", "desc": "Image 03" },
        { "src": "./images/05_Cala_Goloritze_04.jpg", "desc": "Image 04" },
        { "src": "./images/05_Cala_Goloritze_05.jpg", "desc": "Image 05" },
        { "src": "./images/05_Cala_Goloritze_06.jpg", "desc": "Image 06" },
        { "src": "./images/05_Cala_Goloritze_07.jpg", "desc": "Image 07" },
        { "src": "./images/05_Cala_Goloritze_08.jpg", "desc": "Image 08" }
      ],
      "beachWhen": "Jan"
    }
  ],
  "months": [
    {
      "id": "Jan",
      "value": "January",
      "visible": false,
      "bgImgURL": "./images/01_Koh_Kradan_01.jpg"
    },
    {
      "id": "Feb",
      "value": "February",
      "visible": false,
      "bgImgURL": "./images/01_Koh_Kradan_02.jpg"
    },
    {
      "id": "Mar",
      "value": "March",
      "visible": false,
      "bgImgURL": "./images/01_Koh_Kradan_03.jpg"
    },
    {
      "id": "Apr",
      "value": "April",
      "visible": false,
      "bgImgURL": "./images/01_Koh_Kradan_04.jpg"
    },
    {
      "id": "May",
      "value": "May",
      "visible": false,
      "bgImgURL": "./images/01_Koh_Kradan_05.jpg"
    },
    {
      "id": "Jun",
      "value": "June",
      "visible": false,
      "bgImgURL": "./images/01_Koh_Kradan_06.jpg"
    },
    {
      "id": "Jul",
      "value": "July",
      "visible": false,
      "bgImgURL": "./images/02_Whitehaven_04.jpg"
    },
    {
      "id": "Aug",
      "value": "August",
      "visible": false,
      "bgImgURL": "./images/01_Koh_Kradan_08.jpg"
    },
    {
      "id": "Sep",
      "value": "September",
      "visible": false,
      "bgImgURL": "./images/01_Koh_Kradan_09.jpg"
    },
    {
      "id": "Oct",
      "value": "October",
      "visible": false,
      "bgImgURL": "./images/01_Koh_Kradan_10.jpg"
    },
    {
      "id": "Nov",
      "value": "November",
      "visible": false,
      "bgImgURL": "./images/02_Whitehaven_02.jpg"
    },
    {
      "id": "Dec",
      "value": "December",
      "visible": false,
      "bgImgURL": "./images/02_Whitehaven_03.jpg"
    }
  ],
  "regions": [
    { "id": "africa", "value": "Africa" },
    { "id": "asia", "value": "Asia" },
    { "id": "australia", "value": "Australia" },
    { "id": "europe", "value": "Europe" },
    { "id": "norAmerica", "value": "North America" },
    { "id": "souAmerica", "value": "South America" }
  ],
  "ratings": [
    { "id": "1", "value": 1 },
    { "id": "2", "value": 2 },
    { "id": "3", "value": 3 },
    { "id": "4", "value": 4 },
    { "id": "5", "value": 5 }
  ],
  "prices": [
    { "id": "1", "value": 1, "name": "Expensive" },
    { "id": "2", "value": 2, "name": "Quite expensive" },
    { "id": "3", "value": 3, "name": "Affordable" },
    { "id": "4", "value": 4, "name": "Economical" },
    { "id": "5", "value": 5, "name": "Extra economical" }
  ]
}
