{
  "faq": [
    {
      "qaId": "0101",
      "qaBeachId": "01-KohKradan",
      "qaAskName": "Henry White",
      "qaAskTime": "2018-06-22UTC12:42:51.000Z",
      "qaQuestion": "How many days is best to explore the whole island? I will be island hopping in early 2021 and have 30 days to explore the islands, Bangkok and Cambodia (hopefully). I have already booked my ferry tickets on Duckberries and am now gathering information to arrange the trip. Many Thanks.",
      "qaAnsName": "Ulrich Bader",
      "qaAnsTime": "2018-06-30UTC05:12:38.000Z",
      "qaAnswer": "Probably 2 to 3 nights for me."
    },
    {
      "qaId": "0102",
      "qaBeachId": "01-KohKradan",
      "qaAskName": "Martim Rodrigues Santos",
      "qaAskTime": "2019-09-21UTC00:20:03.000Z",
      "qaQuestion": "I am a solo backpacker and will be visiting Thailand next year. Is it better to book a travel service or is it safe to organize a trip to the island? My friend recommended duckferries to book my tickets but now I am considering whether to join a group or book a tour service.",
      "qaAnsName": "Henry C. Owens",
      "qaAnsTime": "2019-10-25UTC00:54:02.000Z",
      "qaAnswer": "Hello, we planned through Go Vacation Thailand and were very satisfied. You always have a contact person if there are problems. I wish you a wonderful holiday."
    },
    {
      "qaId": "0201",
      "qaBeachId": "02-Whitehaven",
      "qaAskName": "Aurora Pastor",
      "qaAskTime": "2018-01-28UTC04:15:25.000Z",
      "qaQuestion": "We will be staying on Hamilton Island next Feb, is there a ferry or boat trip we can get to Whitehaven Beach please?",
      "qaAnsName": "James Miller",
      "qaAnsTime": "2018-02-02UTC15:30:15.000Z",
      "qaAnswer": "Of course there are, plenty of cruise options to get to Whitehaven beach."
    },
    {
      "qaId": "0202",
      "qaBeachId": "02-Whitehaven",
      "qaAskName": "Pedro Lorenzo",
      "qaAskTime": "2019-10-28UTC21:17:34.000Z",
      "qaQuestion": "Wanting to do a half day tour to Whitehaven beach, is the morning or afternoon trip better?",
      "qaAnsName": "Ivy Hill",
      "qaAnsTime": "2019-10-30UTC15:20:46.000Z",
      "qaAnswer": "Do it at the afternoon because it's so amazing in Whitehaven Beach is better to do it in the afternoon because you know how it feels great and their massage shops open!"
    },
    {
      "qaId": "0301",
      "qaBeachId": "03-Anakena",
      "qaAskName": "Jorge Suarez",
      "qaAskTime": "2018-01-30UTC12:31:22.000Z",
      "qaQuestion": "Good afternoon. We plan to be on Easter Island from 04.02 to 07.02 (2 adults) Altiplanico Rapa Nui hotel. 04.02. free time after arrival after lunch. What is the best way to get to Anakena Beach - taxi or rent a car?",
      "qaAnsName": "Juan Carlos Fuentes",
      "qaAnsTime": "2018-02-01UTC04:28:56.000Z",
      "qaAnswer": "Take a car, you will need it on the island more than once, without it there is nothing to do here. Standard price for Suzuki Jimny around 40000CLP per day."
    },
    {
      "qaId": "0302",
      "qaBeachId": "03-Anakena",
      "qaAskName": "Mathies Hendrickx",
      "qaAskTime": "2020-06-17UTC14:12:43.000Z",
      "qaQuestion": "I would like to know if there is any means of public transportation that allows me to get to the island from Hanga Roa to spend the day... how much does it cost in dollars and how far is it from the populated area.",
      "qaAnsName": "Felipe Esteves",
      "qaAnsTime": "2020-06-30UTC09:26:13.000Z",
      "qaAnswer": "Hello. There are mini buses from Hanga Roa that charge 7,000 lucas to Anakena. It is approximately 18 Km. Some rent a bicycle to get there."
    },
    {
      "qaId": "0401",
      "qaBeachId": "04-CampsBay",
      "qaAskName": "Luka Weber",
      "qaAskTime": "2019-01-22UTC06:20:56.000Z",
      "qaQuestion": "Can anyone tell me how to get to Camp's Bay from the cruise terminal and how far away is it? We will be there on 6th and 7th February next year.",
      "qaAnsName": "Gloria Adonis",
      "qaAnsTime": "2018-01-31UTC17:23:46.000Z",
      "qaAnswer": "From the cruise terminal, you will be right in the V&A area. Basically, once you get onto Main Rd heading Southwest, you follow it through Seapoint, onto Victoria Rd and that will bright you right into Camp's Bay."
    },
    {
      "qaId": "0402",
      "qaBeachId": "04-CampsBay",
      "qaAskName": "Oliver Karjalainen",
      "qaAskTime": "2021-08-11UTC05:11:45.000Z",
      "qaQuestion": "Are there beach chairs available to rent at Camp's Bay?",
      "qaAnsName": "Jenny Mokone",
      "qaAnsTime": "2021-10-24UTC02:17:16.000Z",
      "qaAnswer": "Yes there are many chair and umbrella vendors. They will approach you as soon as you walk onto the beach. Prices vary from 4-6 Euro for a sun lounger and 6-8 Euros for an umbrella for the day."
    },
    {
      "qaId": "0501",
      "qaBeachId": "05-CalaGoloritze",
      "qaAskName": "인화 석",
      "qaAskTime": "2019-02-15UTC09:05:30.000Z",
      "qaQuestion": "Is it possible to get closer to Cala Goloritze by car?",
      "qaAnsName": "Camilla Mazza",
      "qaAnsTime": "2019-03-06UTC04:29:37.000Z",
      "qaAnswer": "You cannot reach Goloritze by ship or rubber dinghy. You can only reach it swimming, letting your boat offshore. Otherwise, you go to goloritzè on foot after a 45 minutes of walk but before you must arrive by car at parking called 'Su Porteddu' on the top of Altopiano del Golgo."
    },
    {
      "qaId": "0502",
      "qaBeachId": "05-CalaGoloritze",
      "qaAskName": "Sara Stępień",
      "qaAskTime": "2020-11-16UTC14:05:05.000Z",
      "qaQuestion": "Hi, there are those who do not recommend the walking route for families, I would like to understand if it is for the danger of the path or if for the long route, the path has an overhang on the side? Thanks :)",
      "qaAnsName": "Danilo Martini",
      "qaAnsTime": "2020-12-03UTC05:26:36.000Z",
      "qaAnswer": "I did it on foot with my 14 and 11 year olds. they are used to walking in the mountains so for them it was just a 'walk'... in fact it is ... an hour downhill, an hour and a half uphill, comfortable, pleasant, interesting (we met some goats along the way back) ... sure, closed and comfortable shoes, but there is absolutely no danger!"
    }
  ]
}
