{
  "reviews": [
    {
      "rvId": "0101",
      "rvFullName": "Janice J. Luongo",
      "rvTime": "2016-10-21UTC08:28:03.000Z",
      "rvEmail": "JaniceJLuongo@teleworm.us",
      "rvPhone": "(+1)518-357-7122",
      "rvBeachId": "01-KohKradan",
      "rvBeachCountry": "Thailand",
      "rvBeachRegion": "Asia",
      "rvWho": "Family",
      "rvWhen": "Oct",
      "rvLong": 2,
      "rvRating": 5,
      "rvClimate": 4,
      "rvCost": 5,
      "rvTraffic": 3,
      "rvFood": 4,
      "rvFacility": 5,
      "rvActivity": 4,
      "rvOther": "We stayed in Ko Muk for 4 days and we took a private boat to Ko Ngai, Ko Kradan and to the Emerald Cave. Beautiful island and beach in front of seven seas resort. Nice snorkling in front of the resort. More beautiful than Ngai and Koh Lanta."
    },
    {
      "rvId": "0102",
      "rvFullName": "幹 渡辺",
      "rvTime": "2017-12-04UTC13:48:51.000Z",
      "rvEmail": "akemi.nakatsugawa@hotmail.co.jp",
      "rvPhone": "07562-7-2950",
      "rvBeachId": "01-KohKradan",
      "rvBeachCountry": "Thailand",
      "rvBeachRegion": "Asia",
      "rvWho": "Couples",
      "rvWhen": "Nov",
      "rvLong": 1,
      "rvRating": 4,
      "rvClimate": 5,
      "rvCost": 4,
      "rvTraffic": 4,
      "rvFood": 5,
      "rvFacility": 4,
      "rvActivity": 5,
      "rvOther": "My husband and I loved to snorkel there a lot. Well, we spent 3 hours in the water without a break because the coral and sealife here were beautiful. Luckily the water was so clear and the sun shined bright. We were stunt by the superb colors of the sea and the soft feeling when we swam. We could literally swim with the fish. It was beautiful. But the food on the island is a little bit expensive."
    },
    {
      "rvId": "0103",
      "rvFullName": "Sophie Veilleux",
      "rvTime": "2020-09-04UTC13:48:51.000Z",
      "rvEmail": "SophieVeilleux@jourrapide.com",
      "rvPhone": "(+33)04-33-19-17-53",
      "rvBeachId": "01-KohKradan",
      "rvBeachCountry": "Thailand",
      "rvBeachRegion": "Asia",
      "rvWho": "Alone",
      "rvWhen": "Aug",
      "rvLong": 2,
      "rvRating": 5,
      "rvClimate": 4,
      "rvCost": 5,
      "rvTraffic": 4,
      "rvFood": 5,
      "rvFacility": 5,
      "rvActivity": 5,
      "rvOther": "The island has the bluest water and white sands with palm trees. Very good place to relax for older couples or young families."
    },
    {
      "rvId": "0104",
      "rvFullName": "George Lord",
      "rvTime": "2021-06-11UTC07:04:45.000Z",
      "rvEmail": "GeorgeLord@rhyta.com",
      "rvPhone": "(+44)079-8182-9279",
      "rvBeachId": "01-KohKradan",
      "rvBeachCountry": "Thailand",
      "rvBeachRegion": "Asia",
      "rvWho": "Friends",
      "rvWhen": "Jun",
      "rvLong": 1,
      "rvRating": 5,
      "rvClimate": 5,
      "rvCost": 4,
      "rvTraffic": 3,
      "rvFood": 5,
      "rvFacility": 5,
      "rvActivity": 4,
      "rvOther": "The sea is truly spectacular, to be enjoyed with the rhythms of the tides .. At high tide there are practically no beaches, except for the sunset Beach on the other side of the island .. The evening offers nothing, only the possibility of dine in one of the resort restaurants. Enjoy the relaxation..."
    },
    {
      "rvId": "0105",
      "rvFullName": "Pelle Sandberg",
      "rvTime": "2021-12-09UTC04:10:47.000Z",
      "rvEmail": "PelleSandberg@dayrep.com",
      "rvPhone": "(+41)091-716-41-19",
      "rvBeachId": "01-KohKradan",
      "rvBeachCountry": "Thailand",
      "rvBeachRegion": "Asia",
      "rvWho": "Business",
      "rvWhen": "Dec",
      "rvLong": 2,
      "rvRating": 5,
      "rvClimate": 4,
      "rvCost": 4,
      "rvTraffic": 4,
      "rvFood": 4,
      "rvFacility": 5,
      "rvActivity": 5,
      "rvOther": "Spectacular, as soon as we arrived we knew we were in paradise, white sand, crystal clear waters, very few tourists, diving in the coral reef, sunset walks ..... a dream! Be careful because the tide goes out in the afternoon!! In a 20-minute walk you tour the island, ideal to spend 3 days doing nothing!"
    },
    {
      "rvId": "0201",
      "rvFullName": "Shu Fang Huang",
      "rvTime": "2017-10-08UTC15:45:42.000Z",
      "rvEmail": "ShuFangHuang@qq.com",
      "rvPhone": "(+86)270-298-5888",
      "rvBeachId": "02-Whitehaven",
      "rvBeachCountry": "Australia",
      "rvBeachRegion": "Australia",
      "rvWho": "Friends",
      "rvWhen": "Oct",
      "rvLong": 2,
      "rvRating": 5,
      "rvClimate": 4,
      "rvCost": 3,
      "rvTraffic": 4,
      "rvFood": 3,
      "rvFacility": 5,
      "rvActivity": 4,
      "rvOther": "Whitehaven Beach is one of my favorite places on Earth and I'm sure it always will be. The beach is on the Whitsunday Islands in Queensland, an area of which was declared a World Heritage Site by UNESCO. The only way to get there is on a boat (whether private or charter if your choice) or a ferry from Hamilton Island. We're not just talking about a beach with pure white sand and turquoise waters...we're talking about a true wonder of nature, the world's largest living organism, the Great Barrier Reef! The sand on Whitehaven beach is basically quartz and it's so find that it seems to slip between your fingers."
    },
    {
      "rvId": "0202",
      "rvFullName": "Ikhlas Qadr Sabbagh",
      "rvTime": "2018-07-10UTC22:15:23.000Z",
      "rvEmail": "IkhlasQadrSabbagh@armyspy.com",
      "rvPhone": "(+216)73-121-916",
      "rvBeachId": "02-Whitehaven",
      "rvBeachCountry": "Australia",
      "rvBeachRegion": "Australia",
      "rvWho": "Business",
      "rvWhen": "Jul",
      "rvLong": 3,
      "rvRating": 4,
      "rvClimate": 4,
      "rvCost": 5,
      "rvTraffic": 4,
      "rvFood": 4,
      "rvFacility": 4,
      "rvActivity": 5,
      "rvOther": "This is an essential place to visit. It's unique, spectacular, it's just...paradise. It is among the best beaches in the world, without a doubt. It's beautiful from the moment you cross a piece of the island to the observatory surrounded by greenery, and continue down and find yourself among some branches looking out upon the indescribable blue sea and white sand that feels like flour."
    },
    {
      "rvId": "0203",
      "rvFullName": "Manasse Jensma",
      "rvTime": "2019-01-08UTC18:05:23.000Z",
      "rvEmail": "ManasseJensma@armyspy.com",
      "rvPhone": "(+31)06-56879456",
      "rvBeachId": "02-Whitehaven",
      "rvBeachCountry": "Australia",
      "rvBeachRegion": "Australia",
      "rvWho": "Couples",
      "rvWhen": "Jan",
      "rvLong": 1,
      "rvRating": 5,
      "rvClimate": 5,
      "rvCost": 5,
      "rvTraffic": 4,
      "rvFood": 4,
      "rvFacility": 5,
      "rvActivity": 5,
      "rvOther": "One of the most spectacular beaches in Australia. Also a very good reason to visit the Whitsundays is to know the legendary Whitehaven Beach. There are miles and miles of fine coral sand, white as snow. It is said that the sand is so white that simply reflected as one can get well brown (or red, depending on the tolerance has to sunlight)."
    },
    {
      "rvId": "0204",
      "rvFullName": "Susanna Milani",
      "rvTime": "2020-08-13UTC20:24:42.000Z",
      "rvEmail": "SusannaMilani@teleworm.us",
      "rvPhone": "(+39)0340-6750290",
      "rvBeachId": "02-Whitehaven",
      "rvBeachCountry": "Australia",
      "rvBeachRegion": "Australia",
      "rvWho": "Friends",
      "rvWhen": "Aug",
      "rvLong": 1,
      "rvRating": 5,
      "rvClimate": 4,
      "rvCost": 4,
      "rvTraffic": 5,
      "rvFood": 5,
      "rvFacility": 5,
      "rvActivity": 5,
      "rvOther": "One of the most spectacular beaches in Australia. Also a very good reason to visit the Whitsundays is to know the legendary Whitehaven Beach. There are miles and miles of fine coral sand, white as snow. It is said that the sand is so white that simply reflected as one can get well brown (or red, depending on the tolerance has to sunlight)."
    },
    {
      "rvId": "0205",
      "rvFullName": "Skye Fraser",
      "rvTime": "2021-11-21UTC08:06:33.000Z",
      "rvEmail": "SkyeFraser@rhyta.com",
      "rvPhone": "(+32)0499-78-06-52",
      "rvBeachId": "02-Whitehaven",
      "rvBeachCountry": "Australia",
      "rvBeachRegion": "Australia",
      "rvWho": "Couples",
      "rvWhen": "Nov",
      "rvLong": 2,
      "rvRating": 4,
      "rvClimate": 4,
      "rvCost": 3,
      "rvTraffic": 4,
      "rvFood": 4,
      "rvFacility": 5,
      "rvActivity": 4,
      "rvOther": "This is one of the 10 most beautiful beaches in the world. It can be reached only by boat, about 45 minutes from Airlie Beach. As white as snow, everyone said that the sand cracks in a particular way under your feet. Take a walk in the forest that borders the beach, the view from the hill is unforgettable. Be careful you could cross the giant lizards and spiders on your way ... ;)"
    },
    {
      "rvId": "0301",
      "rvFullName": "Anka Wysocka",
      "rvTime": "2016-09-10UTC04:22:06.000Z",
      "rvEmail": "AnkaWysocka@dayrep.com",
      "rvPhone": "(+48)88-656-12-97",
      "rvBeachId": "03-Anakena",
      "rvBeachCountry": "Chile",
      "rvBeachRegion": "South America",
      "rvWho": "Family",
      "rvWhen": "Sep",
      "rvLong": 1,
      "rvRating": 4,
      "rvClimate": 4,
      "rvCost": 5,
      "rvTraffic": 3,
      "rvFood": 5,
      "rvFacility": 4,
      "rvActivity": 4,
      "rvOther": "This nice sandy beach is about 20 K from Hanga Roa. There are several food outlets and souvenir vendors next to the beach. There are also several moai bordering the beach. There is a plaque marking Anakena Beach as the birthplace of Rapa Nui culture. According to oral history, this was where the founding king of the Rapa Nui people first set foot on the island."
    },
    {
      "rvId": "0302",
      "rvFullName": "Elina Hagström",
      "rvTime": "2018-02-21UTC02:48:41.000Z",
      "rvEmail": "ElinaHagstrom@teleworm.us",
      "rvPhone": "(+358)044-579-7142",
      "rvBeachId": "03-Anakena",
      "rvBeachCountry": "Chile",
      "rvBeachRegion": "South America",
      "rvWho": "Alone",
      "rvWhen": "Feb",
      "rvLong": 2,
      "rvRating": 5,
      "rvClimate": 5,
      "rvCost": 5,
      "rvTraffic": 4,
      "rvFood": 4,
      "rvFacility": 4,
      "rvActivity": 5,
      "rvOther": "One of two beaches on Eastern Island, known to me from having sandy and easy access to the Ocean. NO cellular coverage there, so be aware of it. As we had a flat tire there it ended in slow driving with it to the town. There are is a little food place and toilets there but open only after midday."
    },
    {
      "rvId": "0303",
      "rvFullName": "Elina Hagström",
      "rvTime": "2019-05-11UTC12:43:54.000Z",
      "rvEmail": "ElinaHagstrom@teleworm.us",
      "rvPhone": "(+358)044-579-7142",
      "rvBeachId": "03-Anakena",
      "rvBeachCountry": "Chile",
      "rvBeachRegion": "South America",
      "rvWho": "Couples",
      "rvWhen": "May",
      "rvLong": 0,
      "rvRating": 4,
      "rvClimate": 5,
      "rvCost": 4,
      "rvTraffic": 4,
      "rvFood": 4,
      "rvFacility": 4,
      "rvActivity": 4,
      "rvOther": "There is a nice beach here and this is actually the only official place where you can swim on the island. You will find beautiful white sand, a pleasant-looking cove where the water is blue and calm, because this is the leeward side of the island. And there are also seven moais here, two of them rather sad-looking remains of erstwhile larger statues, a number of eating places in small huts, a real bathroom area, tourist stands, and a large friendly picnic area under the coconut trees."
    },
    {
      "rvId": "0304",
      "rvFullName": "Mathea Røed",
      "rvTime": "2020-07-09UTC11:13:39.000Z",
      "rvEmail": "MatheaRoed@dayrep.com",
      "rvPhone": "(+47)473-73-949",
      "rvBeachId": "03-Anakena",
      "rvBeachCountry": "Chile",
      "rvBeachRegion": "South America",
      "rvWho": "Friends",
      "rvWhen": "Jul",
      "rvLong": 1,
      "rvRating": 5,
      "rvClimate": 4,
      "rvCost": 4,
      "rvTraffic": 4,
      "rvFood": 5,
      "rvFacility": 5,
      "rvActivity": 5,
      "rvOther": "For all practical purposes this is the only beach on the island, and the only good location to pull a boat on shore. The result is that this has been the best landing site since people came to this island, and is said to be the location of the landing of the very first settlers. Even Thor Heyerdahl landed here. This is one of the top five or so places to go on this island."
    },
    {
      "rvId": "0305",
      "rvFullName": "Huỳnh Thị Thúy Như",
      "rvTime": "2021-03-02UTC00:45:03.000Z",
      "rvEmail": "Nhuhuynh2503@gmail.com",
      "rvPhone": "(+84)98-346-862",
      "rvBeachId": "03-Anakena",
      "rvBeachCountry": "Chile",
      "rvBeachRegion": "South America",
      "rvWho": "Couples",
      "rvWhen": "Mar",
      "rvLong": 2,
      "rvRating": 5,
      "rvClimate": 5,
      "rvCost": 4,
      "rvTraffic": 4,
      "rvFood": 4,
      "rvFacility": 5,
      "rvActivity": 4,
      "rvOther": "Anakena is one of the most wonderful places I ever seen! White sands, palms, a colorful sea and Moai... this is really a magic place and for sure a hot spot to be visited if you are in Rapa Nui. Just lie on the beach under a palm and think you are really in the middle of the South Pacific Ocean, in the Navel of the World...unforgettable emotions...Great if you spent some hours there, relaxing and chatting with people... there are always a great number of interesting encouters that you can do there. My wife and I met an indian couple living in Australia and we suddenly felt some good feeling with them, exchanging emails! We did not have any meals there but you can find some barbecues and stalls with good food and drink. Be careful with sun light and put a good sunscreen."
    },
    {
      "rvId": "0401",
      "rvFullName": "Bognár Réka",
      "rvTime": "2016-04-30UTC07:33:43.000Z",
      "rvEmail": "BognarReka@teleworm.us",
      "rvPhone": "(93)350-227",
      "rvBeachId": "04-CampsBay",
      "rvBeachCountry": "South Africa",
      "rvBeachRegion": "Africa",
      "rvWho": "Couples",
      "rvWhen": "Apr",
      "rvLong": 1,
      "rvRating": 5,
      "rvClimate": 4,
      "rvCost": 5,
      "rvTraffic": 4,
      "rvFood": 5,
      "rvFacility": 5,
      "rvActivity": 4,
      "rvOther": "Nice beach with sun beds and parasols available to rent. Showers. Nice restaurants by the beachside. The only annoying thing is all the salesmen wandering on the beach. Two of us tried the 'massage on the beach', good value for money."
    },
    {
      "rvId": "0402",
      "rvFullName": "Vincent C. Sanchez",
      "rvTime": "2018-01-30UTC06:46:27.000Z",
      "rvEmail": "VincentCSanchez@teleworm.us",
      "rvPhone": "(+1)712-964-6748",
      "rvBeachId": "04-CampsBay",
      "rvBeachCountry": "South Africa",
      "rvBeachRegion": "Africa",
      "rvWho": "Family",
      "rvWhen": "Jan",
      "rvLong": 2,
      "rvRating": 4,
      "rvClimate": 4,
      "rvCost": 4,
      "rvTraffic": 4,
      "rvFood": 4,
      "rvFacility": 4,
      "rvActivity": 5,
      "rvOther": "Camps Bay beach in cape town is a very nice place to visit. Its very clean white sand beach with great view. Many nice restaurants along the beach and we enjoyed our lunch here."
    },
    {
      "rvId": "0403",
      "rvFullName": "Jud Anaan Nassar",
      "rvTime": "2019-12-26UTC05:41:10.000Z",
      "rvEmail": "JudAnaanNassar@dayrep.com",
      "rvPhone": "(+33)04-35-38-73-14",
      "rvBeachId": "04-CampsBay",
      "rvBeachCountry": "South Africa",
      "rvBeachRegion": "Africa",
      "rvWho": "Friends",
      "rvWhen": "Dec",
      "rvLong": 1,
      "rvRating": 5,
      "rvClimate": 4,
      "rvCost": 5,
      "rvTraffic": 4,
      "rvFood": 5,
      "rvFacility": 5,
      "rvActivity": 4,
      "rvOther": "The beach itself is lovely with white sand and the wave rolling in. There's a nice tidal pool for those not brave enough to get into the rough (and cold) sea. The highlight really is the waterfront with a great mix of shops, bars and restaurants. We really loved our few days in Camps Bay and it made the perfect end to a great South Africa adventure."
    },
    {
      "rvId": "0404",
      "rvFullName": "Asta J. Mathiasen",
      "rvTime": "2020-11-26UTC08:32:35.000Z",
      "rvEmail": "AstaJMathiasen@teleworm.us",
      "rvPhone": "(+45)50-56-72-80",
      "rvBeachId": "04-CampsBay",
      "rvBeachCountry": "South Africa",
      "rvBeachRegion": "Africa",
      "rvWho": "Couples",
      "rvWhen": "Nov",
      "rvLong": 2,
      "rvRating": 4,
      "rvClimate": 4,
      "rvCost": 5,
      "rvTraffic": 4,
      "rvFood": 4,
      "rvFacility": 4,
      "rvActivity": 3,
      "rvOther": "On our way to Cape Point, we make a stop at Camps Bay. We could see the 12 Apostles in the background. It was very scenic and we could not stop snapping photos after photos. Love the place!"
    },
    {
      "rvId": "0405",
      "rvFullName": "Maisy Duncan",
      "rvTime": "2021-08-29UTC13:23:45.000Z",
      "rvEmail": "MaisyDuncan@teleworm.us",
      "rvPhone": "(+44)070-0126-0012",
      "rvBeachId": "04-CampsBay",
      "rvBeachCountry": "South Africa",
      "rvBeachRegion": "Africa",
      "rvWho": "Business",
      "rvWhen": "Aug",
      "rvLong": 1,
      "rvRating": 5,
      "rvClimate": 5,
      "rvCost": 5,
      "rvTraffic": 4,
      "rvFood": 5,
      "rvFacility": 4,
      "rvActivity": 5,
      "rvOther": "Camps bay offers good white sand beaches and is very clean. It is the best beach as per me in Cape Town. The scenery is just lovely with water on one side and the backdrop of Table Mountain and Twelve Apostles on the other. The place also has a lot of eateries and good restaurants where you can relax after a good swim / time at the beach. However, I would not suggest staying at the Camps Bay beach as it gets very dark and boring at night. A better place to stay would be V&A Waterfront and you can come to the beach either using a Hop On Hop Off bus or using Taxi (One way around 85 Rand)."
    },
    {
      "rvId": "0501",
      "rvFullName": "Lena Jaeger",
      "rvTime": "2015-04-19UTC10:56:23.000Z",
      "rvEmail": "LenaJaeger@rhyta.com",
      "rvPhone": "(+49)09194-68-39-83",
      "rvBeachId": "05-CalaGoloritze",
      "rvBeachCountry": "Italy",
      "rvBeachRegion": "Europe",
      "rvWho": "Couples",
      "rvWhen": "Apr",
      "rvLong": 2,
      "rvRating": 5,
      "rvClimate": 5,
      "rvCost": 4,
      "rvTraffic": 4,
      "rvFood": 5,
      "rvFacility": 5,
      "rvActivity": 5,
      "rvOther": "My boyfriend and I went to the beach by foot. The hike was not too difficult (a bit more on the way back) but make sure to wear proper shoes and bring a lot of water! The beach gets quite crowded but I still recommend visiting it; it truly is one of the most beautiful beaches I have ever been to. If you're in this part of Sardinia, make sure you go there."
    },
    {
      "rvId": "0502",
      "rvFullName": "Maria Antunović",
      "rvTime": "2016-06-22UTC15:28:45.000Z",
      "rvEmail": "MariaAntunovic@armyspy.com",
      "rvPhone": "(+372)789-9856",
      "rvBeachId": "05-CalaGoloritze",
      "rvBeachCountry": "Italy",
      "rvBeachRegion": "Europe",
      "rvWho": "Friends",
      "rvWhen": "Jun",
      "rvLong": 1,
      "rvRating": 5,
      "rvClimate": 5,
      "rvCost": 5,
      "rvTraffic": 5,
      "rvFood": 5,
      "rvFacility": 5,
      "rvActivity": 5,
      "rvOther": "If you are able to track 5 km of stone, this is the the place for you. Perfect water, I suggest you to arrive at 7 am to reserve a good place in front of the sea."
    },
    {
      "rvId": "0503",
      "rvFullName": "Eric Dellucci",
      "rvTime": "2019-05-13UTC17:56:53.000Z",
      "rvEmail": "EricDellucci@dayrep.com",
      "rvPhone": "(+39)0399-0111760",
      "rvBeachId": "05-CalaGoloritze",
      "rvBeachCountry": "Italy",
      "rvBeachRegion": "Europe",
      "rvWho": "Alone",
      "rvWhen": "May",
      "rvLong": 3,
      "rvRating": 5,
      "rvClimate": 5,
      "rvCost": 4,
      "rvTraffic": 4,
      "rvFood": 5,
      "rvFacility": 5,
      "rvActivity": 5,
      "rvOther": "One of the best beaches I have ever seen. I went walking, a hard return that makes it difficult to repeat. But the next day I rent a boat (no license required) and go along the whole coast. Easy to drive and beautiful sights. People from renting help you to know the places. It really worths the money. You can see every beach and swim on turquoise crystal waters."
    },
    {
      "rvId": "0504",
      "rvFullName": "Isaac Naylor",
      "rvTime": "2020-08-21UTC06:00:50.000Z",
      "rvEmail": "IsaacNaylor@dayrep.com",
      "rvPhone": "(028) 3480-600",
      "rvBeachId": "05-CalaGoloritze",
      "rvBeachCountry": "Italy",
      "rvBeachRegion": "Europe",
      "rvWho": "Family",
      "rvWhen": "Aug",
      "rvLong": 1,
      "rvRating": 5,
      "rvClimate": 5,
      "rvCost": 4,
      "rvTraffic": 5,
      "rvFood": 5,
      "rvFacility": 4,
      "rvActivity": 5,
      "rvOther": "We visited Cala Goloritze in October and I must say, it was the best experience ever. At this time there isn't a lot of people but you can still swim in the sea - and it's fantastic. The color of the water is unbelievable shade of blue and green and there are some fish you can watch if you have swimming goggles. The hike to Cala Goloritze takes about an hour and return is 2 hours. But you just have to go there, otherwise you'll miss something absolutely amazing."
    },
    {
      "rvId": "0505",
      "rvFullName": "Božena Havelková",
      "rvTime": "2021-05-16UTC04:02:13.000Z",
      "rvEmail": "BozenaHavelkova@rhyta.com",
      "rvPhone": "(420)778-738-672",
      "rvBeachId": "05-CalaGoloritze",
      "rvBeachCountry": "Italy",
      "rvBeachRegion": "Europe",
      "rvWho": "Business",
      "rvWhen": "May",
      "rvLong": 2,
      "rvRating": 5,
      "rvClimate": 5,
      "rvCost": 4,
      "rvTraffic": 5,
      "rvFood": 5,
      "rvFacility": 5,
      "rvActivity": 5,
      "rvOther": "There are loads of other beautiful little beaches and the view of the cliffs and the caves is simply unforgettable. Getting to the beaches required a bit of effort: anchoring the boat by the water buoys then swimming to shore. But staying on the boat and swimming in the turquoise water was also pure heaven. Ideal for a romantic half-day trip."
    }
  ]
}
