{
  "beaches": [
    {
      "beachId": 9,
      "beachCodeName": "09-WhiteBeach",
      "beachName": "White Beach",
      "beachCountry": "Philippines",
      "beachRegion": "Asia",
      "beachRating": 4.9,
      "beachReviewTotal": 276,
      "beachPrice": 4.8,
      "beachContent": "The main attraction of White Beach is of course its beauty but also that you have everything you need there: hotels, restaurants, nightlife, activities, it’s all available right in front of the beach ... ",
      "beachFullContent": "The main attraction of White Beach is of course its beauty but also that you have everything you need there: hotels, restaurants, nightlife, activities, it’s all available right in front of the beach.It’s a very good place for swimming as well, since the water is usually flat, has no current and becomes deep slowly. During morning and noon times the beach is relatively quiet. These are good times to go out if you like to have the beach more to yourself. \n\nIn the afternoon more people start to come to the beach and you’ll see locals and tourists alike starting to play sports. Volleyball is by far the most popular beach-sport on Boracay, but soccer is played as well (mostly in Station 1 since the beach is wider there). The sun sets around 6:00 pm all year round. It’s the busiest time on the beach with lots of people taking pictures and enjoying the view. In the evening the beach path gets busy with a lot of people visiting restaurants. Then at around 9-10 the nightlife kicks in and the bars become busy. Around midnight the bars quickly become quiet again as most people move from the bars to the clubs. The beach has 2 parts that run parallel to each other: “the path” and the beach itself. The path runs along the buildings that sit in front of the beach and is separated from the beach itself by palm trees.",
      "beachThumb": "./images/09_Boracay_White_Beach_01.jpg",
      "beachUrl": "#!09-WhiteBeach",
      "beachLocation": "https://www.google.com/maps/embed?pb=!1m18!1m12!1m3!1d15613.273572000491!2d121.929614!3d11.9524438!2m3!1f0!2f0!3f0!3m2!1i1024!2i768!4f13.1!3m3!1m2!1s0x33a53c22c3a8466b%3A0x443e5166ae9cf4b2!2sWhite%20Beach!5e0!3m2!1svi!2s!4v1659680237751!5m2!1svi!2s",
      "beachImgFull": [
       {"src": "./images/09_White_Beach_01.jpg", "desc":"Image_01"},
       {"src": "./images/09_White_Beach_02.jpg", "desc":"Image_02"},
       {"src": "./images/09_White_Beach_03.jpg", "desc":"Image_03"},
       {"src": "./images/09_White_Beach_04.jpg", "desc":"Image_04"},
       {"src": "./images/09_White_Beach_05.jpg", "desc":"Image_05"},
       {"src": "./images/09_White_Beach_06.jpg", "desc":"Image_06"},
       {"src": "./images/09_White_Beach_07.jpg", "desc":"Image_07"},
       {"src": "./images/09_White_Beach_08.jpg", "desc":"Image_08"},
       {"src": "./images/09_White_Beach_09.jpg", "desc":"Image_09"},
       {"src": "./images/09_White_Beach_10.jpg", "desc":"Image_10"}
      ],
      "beachWhen": "September"
    },
    {
      "beachId": 10,
      "beachCodeName": "10-Copacabana",
      "beachName": "Copacabana",
      "beachCountry": "Brazil",
      "beachRegion": "South America",
      "beachRating": 4.8,
      "beachReviewTotal": 122,
      "beachPrice": 3.2,
      "beachContent": "A magnificent confluence of land and sea, the long, scalloped beach of Copacabana extends for some 4km, with a flurry of activity along its length: over-amped soccer players singing their team's anthem; cariocas (Rio residents) and tourists lining up for caipirinhas at kiosks; favela kids showing off their soccer skills; and beach vendors shouting out their wares among the tanned beach bodies... ",
      "beachFullContent": "magnificent confluence of land and sea, the long, scalloped beach of Copacabana extends for some 4km, with a flurry of activity along its length: over-amped soccer players singing their team's anthem; cariocas (Rio residents) and tourists lining up for caipirinhas at kiosks; favela kids showing off their soccer skills; and beach vendors shouting out their wares among the tanned beach bodies.\n\nEach group stakes out its stretch of sand. The area between the Copacabana Palace hotel and Rua Fernando Mendes is the gay and cross-dresser section, known as the Stock or Stock Market – easily recognized by the rainbow flag. Young football and futevôlei (soccer volleyball) players hold court near Rua Santa Clara. Postos 5 and 6 are a mix of favela kids and carioca retirees, while the spot next to Forte de Copacabana is the colônia dos pescadores (fishermen’s colony). As Copacabana Beach curves north you get into the quieter sands of Leme (Av Princesa Isabel forms the demarcation between the two neighborhoods). Here you'll find a mix of older Leme residents as well as kids from the nearby favelas of Babilônia and Chapeu Mangueira.\n\nThe beach is lit at night and there are police in the area, but it’s still not wise to walk there after dark – stay near the liveliest beach kiosks when venturing out. Av NS de Copacabana is also sketchy – watch out on weekends, when the shops are closed and there are few locals around.",
       "beachThumb": "./images/10_Copacabana_01.jpg",
      "beachUrl": "#!10-Copacabana",
      "beachLocation": "https://www.google.com/maps/embed?pb=!1m18!1m12!1m3!1d14693.237426752488!2d-43.182016!3d-22.975648999999997!2m3!1f0!2f0!3f0!3m2!1i1024!2i768!4f13.1!3m3!1m2!1s0x9bd54579a5956b%3A0xa102deeaffcb3e3!2sCopacabana%20Beach!5e0!3m2!1svi!2s!4v1659681931142!5m2!1svi!2s",
      "beachImgFull": [
       {"src": "./images/10_Copacabana_01.jpg", "desc":"Image_01"},
       {"src": "./images/10_Copacabana_02.jpg", "desc":"Image_02"},
       {"src": "./images/10_Copacabana_03.jpg", "desc":"Image_03"},
       {"src": "./images/10_Copacabana_04.jpg", "desc":"Image_04"},
       {"src": "./images/10_Copacabana_05.jpg", "desc":"Image_05"},
       {"src": "./images/10_Copacabana_06.jpg", "desc":"Image_06"},
       {"src": "./images/10_Copacabana_07.jpg", "desc":"Image_07"},
       {"src": "./images/10_Copacabana_08.jpg", "desc":"Image_08"},
       {"src": "./images/10_Copacabana_09.jpg", "desc":"Image_09"},
       {"src": "./images/10_Copacabana_10.jpg", "desc":"Image_10"}
      ],
      "beachWhen": "August"
    },
    {
      "beachId": 11,
      "beachCodeName": "09-Waikiki",
      "beachName": "Waikiki",
      "beachCountry": "Hawaii",
      "beachRegion": "North America",
      "beachRating": 4.8,
      "beachReviewTotal": 267,
      "beachPrice": 4.6,
      "beachContent": "For those who love the beach, look no further than Waikiki. With its long stretch of white sand and turquoise blue water, everyone enjoys this paradise for swimming, surfing, snorkeling, and more. From Hilton Hawaiian Village on the west side to Kapi’olani Park in the east, Waikiki boasts a beautiful tropical climate with tons of activities and events for all ages... ",
      "beachFullContent": "For those who love the beach, look no further than Waikiki. With its long stretch of white sand and turquoise blue water, everyone enjoys this paradise for swimming, surfing, snorkeling, and more. From Hilton Hawaiian Village on the west side to Kapi’olani Park in the east, Waikiki boasts a beautiful tropical climate with tons of activities and events for all ages. Find more high-rises, high-end restaurants, and resorts pepper along this popular destination’s borders.\n\nWaikiki, which means spouting waters in Hawaiian, holds a beautiful history for great water activities in Hawaiian culture. For instance, in the 1800s, the Hawaiian royals created Waikiki into their playground-where they enjoyed surfing on longboards. Today, the longboard tradition continues, as the water here provides the best conditions.  Eventually, the royals initiated several launching of smaller hotels in the 1800s. By 1901, they launched their first large hotel, the Moana Surfrider  Other historic hotels dating back to the early 20th century include the beautiful Royal Hawaiian Hotel. Today, the area boasts every kind of accommodation to cater to the tourists drawn to Waikiki Beach every year.", 
      "beachThumb": "./images/11_Waikiki_01.jpg",
      "beachUrl": "#!09-Waikiki",
      "beachLocation": "https://www.google.com/maps/embed?pb=!1m18!1m12!1m3!1d14871.124384694827!2d-157.83269825!3d21.28013095!2m3!1f0!2f0!3f0!3m2!1i1024!2i768!4f13.1!3m3!1m2!1s0x7c006df4e5c129af%3A0x4633ddc52a688878!2sWaikiki%2C%20Honolulu%2C%20Hawaii%2096815%2C%20Hoa%20K%E1%BB%B3!5e0!3m2!1svi!2s!4v1659681817747!5m2!1svi!2s",
      "beachImgFull": [
       {"src": "./images/11_Waikiki_01.jpg", "desc":"Image_01"},
       {"src": "./images/11_Waikiki_02.jpg", "desc":"Image_02"},
       {"src": "./images/11_Waikiki_03.jpg", "desc":"Image_03"},
       {"src": "./images/11_Waikiki_04.jpg", "desc":"Image_04"},
       {"src": "./images/11_Waikiki_05.jpg", "desc":"Image_05"},
       {"src": "./images/11_Waikiki_06.jpg", "desc":"Image_06"},
       {"src": "./images/11_Waikiki_07.jpg", "desc":"Image_07"},
       {"src": "./images/11_Waikiki_08.jpg", "desc":"Image_08"},
       {"src": "./images/11_Waikiki_09.jpg", "desc":"Image_09"},
       {"src": "./images/11_Waikiki_10.jpg", "desc":"Image_10"}
      ],
      "beachWhen": "May"
    },
    {
      "beachId": 12,
      "beachCodeName": "12-AnseSourceD’Argent",
      "beachName": "Anse Source D’Argent",
      "beachCountry": "Seychelles",
      "beachRegion": "Africa",
      "beachRating": 4.9,
      "beachReviewTotal": 236,
      "beachPrice": 4.7,
      "beachContent": "Anse Source d’Argent, in the south-west of La Digue, has often been described as the most beautiful beach in the world, and it is certainly one of the Seychelles’ most famous attractions... ",
      "beachFullContent": "Anse Source d’Argent, in the south-west of La Digue, has often been described as the most beautiful beach in the world, and it is certainly one of the Seychelles’ most famous attractions. The beautiful mix of turquoise water, golden sand, and impressive boulders makes it a unique prospect worldwide. Access to Anse Source d’Argent is via the Union Estate, which charges 115 Rupees per person each day for access, however the outcome is well-worth the fee. Besides this initial entrance fee, access to the beach is easy thanks to a number of well-signposted paths. One of the main reasons for the beach’s popularity, besides its astounding beauty, is its variety of activities. The shallow, clear water, as well as the coral reef protection, means the beach is a great spot for families, and is also perfect for swimming and snorkelling. That said, it can be difficult to swim here at low tide, as the water is extremely shallow, but at high tide, the water is deep enough to swim while still being shallow enough to be safe for most swimmers. The protection provided to the beach by the coral reef ensures that the open ocean feels far away, so parents shouldn’t worry about their kids playing in the water. \n\nOn top of that, the nearby restaurants and fruit stands mean you can easily spend a whole day here if you like, although those wanting the beach to themselves should arrive before 10.00. As mentioned, the beach is also famous for having been used in a number of prominent photoshoots and films, including movies such as Emanuelle, Crusoe, and Castaway, as well as the famous Bacardi adverts of the 1990s. Anse Source d’Argent is truly a must-see for all Seychelles holidaymakers, and especially for those staying on La Digue. The unique mixture of shallow water, pristine white sand, and impressive granite boulders make it a real treat, and one that visitors will remember for a long time.",
      "beachThumb": "./images/09_Boracay_White_Beach_01.jpg",
      "beachUrl": "#!12-AnseSourceD’Argent",
      "beachLocation": "https://www.google.com/maps/embed?pb=!1m18!1m12!1m3!1d15912.843558426233!2d55.8272425!3d-4.3715401!2m3!1f0!2f0!3f0!3m2!1i1024!2i768!4f13.1!3m3!1m2!1s0x231fecdea4abb367%3A0x5146808cee435a57!2sAnse%20Source%20d&#39;Argent!5e0!3m2!1svi!2s!4v1659685517020!5m2!1svi!2s",
      "beachImgFull": [
       {"src": "./images/12_Anse_Source_D’Argent_01.jpg", "desc":"Image_01"},
       {"src": "./images/12_Anse_Source_D’Argent_02.jpg", "desc":"Image_02"},
       {"src": "./images/12_Anse_Source_D’Argent_03.jpg", "desc":"Image_03"},
       {"src": "./images/12_Anse_Source_D’Argent_04.jpg", "desc":"Image_04"},
       {"src": "./images/12_Anse_Source_D’Argent_05.jpg", "desc":"Image_05"},
       {"src": "./images/12_Anse_Source_D’Argent_06.jpg", "desc":"Image_06"},
       {"src": "./images/12_Anse_Source_D’Argent_07.jpg", "desc":"Image_07"},
       {"src": "./images/12_Anse_Source_D’Argent_08.jpg", "desc":"Image_08"},
       {"src": "./images/12_Anse_Source_D’Argent_09.jpg", "desc":"Image_09"},
       {"src": "./images/12_Anse_Source_D’Argent_10.jpg", "desc":"Image_10"}
      ],
      "beachWhen": "September"
    },
    {
      "beachId": 13,
      "beachCodeName": "13-OludenizBeach",
      "beachName": "Oludeniz Beach",
      "beachCountry": "Turkey",
      "beachRegion": "Europe",
      "beachRating": 4.9,
      "beachReviewTotal": 186,
      "beachPrice": 4.8,
      "beachContent": "Oludeniz Blue Lagoon Turkey is a wondrous place famous for its beautiful beaches and historical sights. It should be mentioned that the Blue Lagoon part of the Oludeniz beach resort is a rather quiet and peaceful place, so you won’t find some noisy clubs and shows with much loud in the night time. In fact, tourists come here for other reasons.... ",
      "beachFullContent": "Oludeniz Blue Lagoon Turkey is a wondrous place famous for its beautiful beaches and historical sights. It should be mentioned that the Blue Lagoon part of the Oludeniz beach resort is a rather quiet and peaceful place, so you won’t find some noisy clubs and shows with much loud in the night time. In fact, tourists come here for other reasons.\n\nDuring the holidays in Oludeniz Turkey you should definitely visit its beaches, there are 3 main ones. You can choose between 3 zones of a beach – free municipal beach zone and paid zone which is situated a bit closer to the Oludeniz Blue Lagoon beach. You can swim to the mini island and watch beautiful yachts or you can rent speed boat in Oludeniz or kayak and have a good time. If you seek more intimate atmosphere you should visit Kidrak beach which is never over-crowded, even when the season is high.  Oludeniz beach holidays will stay in your memory forever as the time of your life! Oludeniz sea temperature is good for swimming from May till October.",
      "beachThumb": "./images/13_Oludeniz_Beach_01.jpg",
      "beachUrl": "#!13-OludenizBeach",
      "beachLocation": "https://www.google.com/maps/embed?pb=!1m18!1m12!1m3!1d12820.793004369834!2d29.114999999999995!3d36.5493325!2m3!1f0!2f0!3f0!3m2!1i1024!2i768!4f13.1!3m3!1m2!1s0x14c04098bb416971%3A0x3ed8d9c9cbf81ec9!2zw5Zsw7xkZW5peiwgRmV0aGl5ZS9NdcSfbGEsIFRo4buVIE5oxKkgS-G7sw!5e0!3m2!1svi!2s!4v1659685586502!5m2!1svi!2s",
      "beachImgFull": [
       {"src": "./images/13_Oludeniz_Beach_01.jpg", "desc":"Image_01"},
       {"src": "./images/13_Oludeniz_Beach_02.jpg", "desc":"Image_02"},
       {"src": "./images/13_Oludeniz_Beach_03.jpg", "desc":"Image_03"},
       {"src": "./images/13_Oludeniz_Beach_04.jpg", "desc":"Image_04"},
       {"src": "./images/13_Oludeniz_Beach_05.jpg", "desc":"Image_05"},
       {"src": "./images/13_Oludeniz_Beach_06.jpg", "desc":"Image_06"},
       {"src": "./images/13_Oludeniz_Beach_07.jpg", "desc":"Image_07"},
       {"src": "./images/13_Oludeniz_Beach_08.jpg", "desc":"Image_08"},
       {"src": "./images/13_Oludeniz_Beach_09.jpg", "desc":"Image_09"},
       {"src": "./images/13_Oludeniz_Beach_10.jpg", "desc":"Image_10"}
      ],
      "beachWhen": "April"
    },
    {
      "beachId": 14,
      "beachCodeName": "14-SurfersParadiseBeach",
      "beachName": "Surfers Paradise Beach",
      "beachCountry": "Queensland",
      "beachRegion": "Australia",
      "beachRating": 4.9,
      "beachReviewTotal": 296,
      "beachPrice": 4.8,
      "beachContent": "Australia's famous Surfers Paradise Beach lies at the heart of Queensland's Gold Coast. Swim and surf along the expansive beaches with this two kilometre stretch of golden sand and rolling surf patrolled by three lifeguard towers, all keeping watch over designated swimming and surfing areas.... ",
      "beachFullContent": "Australia's famous Surfers Paradise Beach lies at the heart of Queensland's Gold Coast. Swim and surf along the expansive beaches with this two kilometre stretch of golden sand and rolling surf patrolled by three lifeguard towers, all keeping watch over designated swimming and surfing areas.\n\nRiding a wave here sits highly on the bucket list of holiday makers and made simple with hire boards and surf lessons available and beach breaks extending the full length of the beach. The best conditions for more experienced surfers are on the outer bar with moderate swell and offshore winds.\n\nThe beach itself is backed by a fenced fore-dune with plenty of signed access tracks from the esplanade to the sand and lined in seating areas and barbecues with ocean views for those wanting to just take it all in. The adjacent foreshore precinct is a hive of energy and home to towering beachside accommodation, alfresco dining and night markets.",
      "beachThumb": "./images/14_Surfers_Paradise_Beach_01.jpg",
      "beachUrl": "#!14-SurfersParadiseBeach",
      "beachLocation": "https://www.google.com/maps/embed?pb=!1m18!1m12!1m3!1d7045.764285674957!2d153.43135479999998!3d-27.997502!2m3!1f0!2f0!3f0!3m2!1i1024!2i768!4f13.1!3m3!1m2!1s0x6b91057374bb8237%3A0x67437f8b978317a9!2sSurfers%20Paradise%20Beach!5e0!3m2!1svi!2s!4v1659683952524!5m2!1svi!2s",
      "beachImgFull": [
       {"src": "./images/14_Surfers_Paradise_Beach_01.jpg", "desc":"Image_01"},
       {"src": "./images/14_Surfers_Paradise_Beach_02.jpg", "desc":"Image_02"},
       {"src": "./images/14_Surfers_Paradise_Beach_03.jpg", "desc":"Image_03"},
       {"src": "./images/14_Surfers_Paradise_Beach_04.jpg", "desc":"Image_04"},
       {"src": "./images/14_Surfers_Paradise_Beach_05.jpg", "desc":"Image_05"},
       {"src": "./images/14_Surfers_Paradise_Beach_06.jpg", "desc":"Image_06"},
       {"src": "./images/14_Surfers_Paradise_Beach_07.jpg", "desc":"Image_07"},
       {"src": "./images/14_Surfers_Paradise_Beach_08.jpg", "desc":"Image_08"},
       {"src": "./images/14_Surfers_Paradise_Beach_09.jpg", "desc":"Image_09"},
       {"src": "./images/14_Surfers_Paradise_Beach_10.jpg", "desc":"Image_10"}
      ],
      "beachWhen": "September"
    },
    {
      "beachId": 15,
      "beachCodeName": "15-NhaTrangBeach",
      "beachName": "Nha Trang Beach",
      "beachCountry": "Viet Nam",
      "beachRegion": "Asia",
      "beachRating": 4.9,
      "beachReviewTotal": 276,
      "beachPrice": 4.8,
      "beachContent": "Nha Trang Beach is the most famous beach in Vietnam for both blissful nature and the touristy enthusiastic atmosphere. It takes 1.5 hours to fly to Nha Trang from Hanoi, and a mere 35 minutes from Ho Chi Minh City... ",
      "beachFullContent": "Nha Trang Beach is the most famous beach in Vietnam for both blissful nature and the touristy enthusiastic atmosphere. It takes 1.5 hours to fly to Nha Trang from Hanoi, and a mere 35 minutes from Ho Chi Minh City.\n\nThe rather peaceful yet energetic modern city brimming with tall green mountains in the background lie along the gently curved stretch of dazzling white sand . This perfect combination of human construction and natural beauty comes together with the amazingly clear water, colliding with the vast blue sky at the faraway horizon, which makes up the one of most spectacular settings of the country. Owing to the demand for tourism, the beachfront has gone under many makeovers for the past few years, with well looked after pretty parks, interestingly creative sculpture gardens and long lines of neatly prune trees rarely seen anywhere else spread along the shorefront. These parks and gardens serve as an ideal alternative to the beach as a place for a romantic long walk.",
      "beachThumb": "./images/15_Nha_Trang_Beach_01.jpg",
      "beachUrl": "#!15-NhaTrangBeach",
      "beachLocation": "https://www.google.com/maps/embed?pb=!1m18!1m12!1m3!1d62386.712933079034!2d109.17239888868556!3d12.236796015131238!2m3!1f0!2f0!3f0!3m2!1i1024!2i768!4f13.1!3m3!1m2!1s0x31706770f4958433%3A0xf09b18bfbf27bde7!2zQsOjaSBiaeG7g24gTmhhIFRyYW5n!5e0!3m2!1svi!2s!4v1659684542679!5m2!1svi!2s", 
      "beachImgFull": [
       {"src": "./images/15_Nha_Trang_Beach_01.jpg", "desc":"Image_01"},
       {"src": "./images/15_Nha_Trang_Beach_02.jpg", "desc":"Image_02"},
       {"src": "./images/15_Nha_Trang_Beach_03.jpg", "desc":"Image_03"},
       {"src": "./images/15_Nha_Trang_Beach_04.jpg", "desc":"Image_04"},
       {"src": "./images/15_Nha_Trang_Beach_05.jpg", "desc":"Image_05"},
       {"src": "./images/15_Nha_Trang_Beach_06.jpg", "desc":"Image_06"},
       {"src": "./images/15_Nha_Trang_Beach_07.jpg", "desc":"Image_07"},
       {"src": "./images/15_Nha_Trang_Beach_08.jpg", "desc":"Image_08"},
       {"src": "./images/15_Nha_Trang_Beach_09.jpg", "desc":"Image_09"},
       {"src": "./images/15_Nha_Trang_Beach_10.jpg", "desc":"Image_10"}
      ],
      "beachWhen": "September"
    },
    {
      "beachId": 16,
      "beachCodeName": "16-PinkBeach",
      "beachName": "Pink Beach",
      "beachCountry": "Indonesia",
      "beachRegion": "Asia",
      "beachRating": 4.9,
      "beachReviewTotal": 376,
      "beachPrice": 4.8,
      "beachContent": "Pantai Merah (better known as simply Pink Beach) is one of only seven beaches in the world with pink sand. The striking hue is the result of the presence of foraminifera, single-cell organisms that live in the local coral reefs and have a reddish pigment on their shells... ",
      "beachFullContent": "Pantai Merah (better known as simply Pink Beach) is one of only seven beaches in the world with pink sand. The striking hue is the result of the presence of foraminifera, single-cell organisms that live in the local coral reefs and have a reddish pigment on their shells. Turquoise seas lap at the beach here, where sunbathers mix in with kayakers and hikers exploring the nearby mangrove forests.\n\nLocated just a short flight and speedboat ride away from Bali, Pink Beach sits within the borders of the Komodo National Park–from where the world's largest lizard gets its name. In fact, this quiet island is home to more lizards than people–a population of about 2,500 Komodo dragons against just 2,000 or so humans.The real attraction here, however, is the underwater life–from the colorful corals packed with tropical fish to the seagrass beds and manta rays. The park is one of the best places in the world for snorkeling.",
      "beachThumb": "./images/16_Pink_Beach_01.jpg",
      "beachUrl": "#!16-PinkBeach",
      "beachLocation": "https://www.google.com/maps/embed?pb=!1m18!1m12!1m3!1d15769.03978435819!2d116.5622498!3d-8.855374099999999!2m3!1f0!2f0!3f0!3m2!1i1024!2i768!4f13.1!3m3!1m2!1s0x2dcc4e8b7d3e1b23%3A0xf558da0a9b5eef39!2sPink%20Beach!5e0!3m2!1svi!2s!4v1659685246131!5m2!1svi!2s",
      "beachImgFull": [
       {"src": "./images/16_Pink_Beach_01.jpg", "desc":"Image_01"},
       {"src": "./images/16_Pink_Beach_02.jpg", "desc":"Image_02"},
       {"src": "./images/16_Pink_Beach_03.jpg", "desc":"Image_03"},
       {"src": "./images/16_Pink_Beach_04.jpg", "desc":"Image_04"},
       {"src": "./images/16_Pink_Beach_05.jpg", "desc":"Image_05"},
       {"src": "./images/16_Pink_Beach_06.jpg", "desc":"Image_06"},
       {"src": "./images/16_Pink_Beach_07.jpg", "desc":"Image_07"},
       {"src": "./images/16_Pink_Beach_08.jpg", "desc":"Image_08"},
       {"src": "./images/16_Pink_Beach_09.jpg", "desc":"Image_09"},
       {"src": "./images/16_Pink_Beach_10.jpg", "desc":"Image_10"}
      ],
      "beachWhen": "December"
    }
  ],
  "months": [
    {
      "id": "Jan",
      "value": "January",
      "visible": false,
      "bgImgURL": "./images/01_Koh_Kradan_01.jpg"
    },
    {
      "id": "Feb",
      "value": "February",
      "visible": false,
      "bgImgURL": "./images/01_Koh_Kradan_02.jpg"
    },
    {
      "id": "Mar",
      "value": "March",
      "visible": false,
      "bgImgURL": "./images/01_Koh_Kradan_03.jpg"
    },
    {
      "id": "Apr",
      "value": "April",
      "visible": false,
      "bgImgURL": "./images/01_Koh_Kradan_04.jpg"
    },
    {
      "id": "May",
      "value": "May",
      "visible": false,
      "bgImgURL": "./images/01_Koh_Kradan_05.jpg"
    },
    {
      "id": "Jun",
      "value": "June",
      "visible": false,
      "bgImgURL": "./images/01_Koh_Kradan_06.jpg"
    },
    {
      "id": "Jul",
      "value": "July",
      "visible": false,
      "bgImgURL": "./images/02_Whitehaven_04.jpg"
    },
    {
      "id": "Aug",
      "value": "August",
      "visible": false,
      "bgImgURL": "./images/01_Koh_Kradan_08.jpg"
    },
    {
      "id": "Sep",
      "value": "September",
      "visible": false,
      "bgImgURL": "./images/01_Koh_Kradan_09.jpg"
    },
    {
      "id": "Oct",
      "value": "October",
      "visible": false,
      "bgImgURL": "./images/01_Koh_Kradan_10.jpg"
    },
    {
      "id": "Nov",
      "value": "November",
      "visible": false,
      "bgImgURL": "./images/02_Whitehaven_02.jpg"
    },
    {
      "id": "Dec",
      "value": "December",
      "visible": false,
      "bgImgURL": "./images/02_Whitehaven_03.jpg"
    }
  ],
  "regions": [
    { "id": "africa", "value": "Africa" },
    { "id": "asia", "value": "Asia" },
    { "id": "australia", "value": "Australia" },
    { "id": "europe", "value": "Europe" },
    { "id": "norAmerica", "value": "North America" },
    { "id": "souAmerica", "value": "South America" }
  ],
  "ratings": [
    { "id": "1", "value": 1 },
    { "id": "2", "value": 2 },
    { "id": "3", "value": 3 },
    { "id": "4", "value": 4 },
    { "id": "5", "value": 5 }
  ],
  "prices": [
    { "id": "1", "value": 1, "name": "Expensive" },
    { "id": "2", "value": 2, "name": "Quite expensive" },
    { "id": "3", "value": 3, "name": "Affordable" },
    { "id": "4", "value": 4, "name": "Economical" },
    { "id": "5", "value": 5, "name": "Extra economical" }
  ]
}
